member_id,event_id,checkin_time
M013,E007,2025-12-20T18:00:00
M002,E007,2025-12-20T18:00:00
M029,E010,2026-03-15T18:00:00
M024,E012,2026-05-20T18:00:00
M030,E007,2025-12-20T18:00:00
M024,E011,2026-04-10T18:00:00
M004,E011,2026-04-10T18:00:00
M014,E007,2025-12-20T18:00:00
M016,E010,2026-03-15T18:00:00
M015,E011,2026-04-10T18:00:00
M003,E002,2025-10-15T18:00:00
M019,E008,2026-02-14T18:00:00
M007,E001,2025-09-20T18:00:00
M027,E011,2026-04-10T18:00:00
M029,E006,2025-12-10T18:00:00
M001,E001,2025-09-20T18:00:00
M020,E012,2026-05-20T18:00:00
M012,E001,2025-09-20T18:00:00
M009,E011,2026-04-10T18:00:00
M004,E001,2025-09-20T18:00:00
M008,E011,2026-04-10T18:00:00
M014,E001,2025-09-20T18:00:00
M002,E011,2026-04-10T18:00:00
M027,E012,2026-05-20T18:00:00
M003,E009,2026-02-25T18:00:00
M022,E010,2026-03-15T18:00:00
M010,E004,2025-11-12T18:00:00
M012,E003,2025-10-25T18:00:00
M027,E009,2026-02-25T18:00:00
M016,E004,2025-11-12T18:00:00
M015,E002,2025-10-15T18:00:00
M022,E009,2026-02-25T18:00:00
M020,E002,2025-10-15T18:00:00
M018,E008,2026-02-14T18:00:00
M002,E001,2025-09-20T18:00:00
M001,E012,2026-05-20T18:00:00
M009,E012,2026-05-20T18:00:00
M004,E004,2025-11-12T18:00:00
M009,E001,2025-09-20T18:00:00
M023,E011,2026-04-10T18:00:00
M020,E003,2025-10-25T18:00:00
M006,E004,2025-11-12T18:00:00
M025,E012,2026-05-20T18:00:00
M027,E007,2025-12-20T18:00:00
M019,E011,2026-04-10T18:00:00
M012,E007,2025-12-20T18:00:00
M006,E012,2026-05-20T18:00:00
M007,E004,2025-11-12T18:00:00
M020,E010,2026-03-15T18:00:00
M023,E006,2025-12-10T18:00:00
M028,E008,2026-02-14T18:00:00
M013,E010,2026-03-15T18:00:00
M027,E006,2025-12-10T18:00:00
M016,E002,2025-10-15T18:00:00
M011,E001,2025-09-20T18:00:00
M005,E004,2025-11-12T18:00:00
M003,E001,2025-09-20T18:00:00
M006,E002,2025-10-15T18:00:00
M002,E005,2025-11-29T18:00:00
M006,E009,2026-02-25T18:00:00
M005,E006,2025-12-10T18:00:00
M024,E006,2025-12-10T18:00:00
M021,E008,2026-02-14T18:00:00
M024,E007,2025-12-20T18:00:00
M011,E005,2025-11-29T18:00:00
M004,E006,2025-12-10T18:00:00
M030,E009,2026-02-25T18:00:00
M019,E004,2025-11-12T18:00:00
M020,E007,2025-12-20T18:00:00
M002,E006,2025-12-10T18:00:00
M017,E011,2026-04-10T18:00:00
M006,E011,2026-04-10T18:00:00
M013,E009,2026-02-25T18:00:00
M019,E001,2025-09-20T18:00:00
M001,E011,2026-04-10T18:00:00
M024,E005,2025-11-29T18:00:00
M025,E011,2026-04-10T18:00:00
M005,E008,2026-02-14T18:00:00
M008,E005,2025-11-29T18:00:00
M023,E007,2025-12-20T18:00:00
M028,E007,2025-12-20T18:00:00
M017,E003,2025-10-25T18:00:00
M017,E002,2025-10-15T18:00:00
M009,E002,2025-10-15T18:00:00
M004,E012,2026-05-20T18:00:00
M006,E008,2026-02-14T18:00:00
M007,E007,2025-12-20T18:00:00
M005,E009,2026-02-25T18:00:00
M002,E004,2025-11-12T18:00:00
M004,E002,2025-10-15T18:00:00
M029,E007,2025-12-20T18:00:00
M003,E007,2025-12-20T18:00:00
M022,E007,2025-12-20T18:00:00
M012,E006,2025-12-10T18:00:00
M002,E008,2026-02-14T18:00:00
M015,E009,2026-02-25T18:00:00
M030,E012,2026-05-20T18:00:00
M011,E002,2025-10-15T18:00:00
M011,E007,2025-12-20T18:00:00
M007,E010,2026-03-15T18:00:00
M998,E006,2025-12-10T18:00:00
M019,E007,2025-12-20T18:00:00
M012,E002,2025-10-15T18:00:00
M022,E005,2025-11-29T18:00:00
M023,E004,2025-11-12T18:00:00
M003,E012,2026-05-20T18:00:00
M014,E002,2025-10-15T18:00:00
M007,E011,2026-04-10T18:00:00
M999,E001,2025-09-20T18:00:00
M013,E004,2025-11-12T18:00:00
M023,E012,2026-05-20T18:00:00
M006,E010,2026-03-15T18:00:00
M007,E008,2026-02-14T18:00:00
M001,E012,2026-05-20T18:00:00
M029,E011,2026-04-10T18:00:00
M008,E009,2026-02-25T18:00:00
M029,E012,2026-05-20T18:00:00
M028,E006,2025-12-10T18:00:00
M009,E007,2025-12-20T18:00:00
M005,E001,2025-09-20T18:00:00
M028,E005,2025-11-29T18:00:00
M011,E012,2026-05-20T18:00:00
M016,E001,2025-09-20T18:00:00
M028,E010,2026-03-15T18:00:00
M014,E009,2026-02-25T18:00:00
M015,E001,2025-09-20T18:00:00
M010,E005,2025-11-29T18:00:00
M020,E009,2026-02-25T18:00:00
M029,E009,2026-02-25T18:00:00
M011,E011,2026-04-10T18:00:00
M013,E011,2026-04-10T18:00:00
M001,E007,2025-12-20T18:00:00
M018,E011,2026-04-10T18:00:00
M015,E003,2025-10-25T18:00:00
M002,E002,2025-10-15T18:00:00
M015,E005,2025-11-29T18:00:00
M016,E007,2025-12-20T18:00:00
M008,E002,2025-10-15T18:00:00
M003,E004,2025-11-12T18:00:00
M022,E004,2025-11-12T18:00:00
M018,E002,2025-10-15T18:00:00
M023,E009,2026-02-25T18:00:00
M012,E008,2026-02-14T18:00:00
M016,E003,2025-10-25T18:00:00
M016,E006,2025-12-10T18:00:00
M003,E006,2025-12-10T18:00:00
M008,E008,2026-02-14T18:00:00
M006,E006,2025-12-10T18:00:00
M015,E004,2025-11-12T18:00:00
M009,E004,2025-11-12T18:00:00
M006,E005,2025-11-29T18:00:00
M006,E001,2025-09-20T18:00:00
M003,E011,2026-04-10T18:00:00
M020,E011,2026-04-10T18:00:00
M028,E012,2026-05-20T18:00:00
M013,E001,2025-09-20T18:00:00
M010,E007,2025-12-20T18:00:00
M009,E005,2025-11-29T18:00:00
M011,E004,2025-11-12T18:00:00
M003,E010,2026-03-15T18:00:00
M017,E004,2025-11-12T18:00:00
M026,E007,2025-12-20T18:00:00
M009,E006,2025-12-10T18:00:00
M024,E009,2026-02-25T18:00:00
M019,E002,2025-10-15T18:00:00
M020,E006,2025-12-10T18:00:00
M010,E009,2026-02-25T18:00:00
M025,E007,2025-12-20T18:00:00
M030,E011,2026-04-10T18:00:00
M010,E003,2025-10-25T18:00:00
M017,E007,2025-12-20T18:00:00
M018,E009,2026-02-25T18:00:00
M006,E007,2025-12-20T18:00:00
M017,E006,2025-12-10T18:00:00
M021,E006,2025-12-10T18:00:00
M017,E001,2025-09-20T18:00:00
M020,E001,2025-09-20T18:00:00
M024,E004,2025-11-12T18:00:00
M017,E005,2025-11-29T18:00:00
M012,E004,2025-11-12T18:00:00
M023,E008,2026-02-14T18:00:00
M022,E003,2025-10-25T18:00:00
M020,E008,2026-02-14T18:00:00
M027,E010,2026-03-15T18:00:00
M002,E008,2026-02-14T18:00:00
M005,E011,2026-04-10T18:00:00
M017,E010,2026-03-15T18:00:00
M005,E007,2025-12-20T18:00:00
M009,E009,2026-02-25T18:00:00
M021,E011,2026-04-10T18:00:00
M002,E012,2026-05-20T18:00:00
M017,E012,2026-05-20T18:00:00
M020,E004,2025-11-12T18:00:00
M028,E011,2026-04-10T18:00:00
