member_id,full_name,class_name,join_date,role,position
M001,Pham Thi Phong,,2025-09-01,officer,Chu nhiem
M002,Hoang Cong Bao,,2025-09-01,officer,Pho chu nhiem
M003,Vu Huu Oanh,,2025-09-01,member,
M004,Vu Ngoc Diep,,2025-09-02,member,
M005,Hoang Thi Yen,,2025-09-03,member,
M006,Le Kim Kien,,2025-09-03,member,
M007,Pham Huu Son,,2025-09-04,member,
M008,Dang Duc Vy,,2025-09-04,member,
M009,Do Ngoc Diep,,2025-09-05,member,
M010,Vu Van Khanh,,2025-09-07,member,
M011,Nguyen Thanh Phong,,2025-09-08,member,
M012,Hoang Thi Huy,,2025-09-08,member,
M013,Ngo Thanh Huy,,2025-09-08,member,
M014,Bui Xuan Sang,,2025-09-09,member,
M015,Bui Huu Linh,,2025-09-14,member,
M016,Le Ngoc Kien,,2025-09-17,member,
M017,Do Kim Linh,,2025-09-18,member,
M018,Ngo Xuan Sang,,2025-09-18,member,
M019,Ngo Xuan Oanh,,2025-09-19,member,
M020,Pham Huu Trang,,2025-09-20,member,
M021,Bui Thi Loan,,2025-10-01,member,
M022,Nguyen Thi Giang,,2025-10-21,member,
M023,Le Xuan Yen,,2025-10-26,member,
M024,Tran Xuan Phong,,2025-10-29,member,
M025,Ngo Cong Trang,,2025-11-05,member,
M026,Hoang Kim Quan,,2025-11-23,member,
M027,Nguyen Thi Diep,,2025-11-24,member,
M028,Do Duc Loan,,2025-11-27,member,
M029,Vu Thi Minh,,2025-12-09,member,
M030,Dang Huu Son,,2025-12-15,member,
